file,tool,run,original_bytes,archive_bytes,saved_pct,compress_s,decompress_s,restored_exactly,compiler,compiler_flags,gzip,gzip_flags,machine
/Users/ethan/Desktop/AA/huffman/test_data/pride_and_prejudice.txt,huffman,1,772386,446927,42.136833137835225,0.64090583298821,0.039290125016123056,True,Apple clang version 21.0.0 (clang-2100.3.27.1),-std=c++17 -O2,Apple gzip 487.0.1,-n -6 -c / -d -c,macOS-27.0-arm64-arm-64bit-Mach-O
/Users/ethan/Desktop/AA/huffman/test_data/pride_and_prejudice.txt,gzip,1,772386,275902,64.27925933406354,0.035731791984289885,0.005305458966176957,True,Apple clang version 21.0.0 (clang-2100.3.27.1),-std=c++17 -O2,Apple gzip 487.0.1,-n -6 -c / -d -c,macOS-27.0-arm64-arm-64bit-Mach-O
/Users/ethan/Desktop/AA/huffman/test_data/pride_and_prejudice.txt,gzip,2,772386,275902,64.27925933406354,0.03332433302421123,0.00523229205282405,True,Apple clang version 21.0.0 (clang-2100.3.27.1),-std=c++17 -O2,Apple gzip 487.0.1,-n -6 -c / -d -c,macOS-27.0-arm64-arm-64bit-Mach-O
/Users/ethan/Desktop/AA/huffman/test_data/pride_and_prejudice.txt,huffman,2,772386,446927,42.136833137835225,0.05541550001362339,0.0405765839968808,True,Apple clang version 21.0.0 (clang-2100.3.27.1),-std=c++17 -O2,Apple gzip 487.0.1,-n -6 -c / -d -c,macOS-27.0-arm64-arm-64bit-Mach-O
/Users/ethan/Desktop/AA/huffman/test_data/pride_and_prejudice.txt,huffman,3,772386,446927,42.136833137835225,0.054757375037297606,0.039426959003321826,True,Apple clang version 21.0.0 (clang-2100.3.27.1),-std=c++17 -O2,Apple gzip 487.0.1,-n -6 -c / -d -c,macOS-27.0-arm64-arm-64bit-Mach-O
/Users/ethan/Desktop/AA/huffman/test_data/pride_and_prejudice.txt,gzip,3,772386,275902,64.27925933406354,0.03451800002949312,0.0049719170201569796,True,Apple clang version 21.0.0 (clang-2100.3.27.1),-std=c++17 -O2,Apple gzip 487.0.1,-n -6 -c / -d -c,macOS-27.0-arm64-arm-64bit-Mach-O
/Users/ethan/Desktop/AA/huffman/test_data/gtest.cc,huffman,1,266604,166777,37.443924322215715,0.02255358302500099,0.01700600003823638,True,Apple clang version 21.0.0 (clang-2100.3.27.1),-std=c++17 -O2,Apple gzip 487.0.1,-n -6 -c / -d -c,macOS-27.0-arm64-arm-64bit-Mach-O
/Users/ethan/Desktop/AA/huffman/test_data/gtest.cc,gzip,1,266604,62873,76.4170830145084,0.009547707973979414,0.003881957964040339,True,Apple clang version 21.0.0 (clang-2100.3.27.1),-std=c++17 -O2,Apple gzip 487.0.1,-n -6 -c / -d -c,macOS-27.0-arm64-arm-64bit-Mach-O
/Users/ethan/Desktop/AA/huffman/test_data/gtest.cc,gzip,2,266604,62873,76.4170830145084,0.009021000005304813,0.0036240000044927,True,Apple clang version 21.0.0 (clang-2100.3.27.1),-std=c++17 -O2,Apple gzip 487.0.1,-n -6 -c / -d -c,macOS-27.0-arm64-arm-64bit-Mach-O
/Users/ethan/Desktop/AA/huffman/test_data/gtest.cc,huffman,2,266604,166777,37.443924322215715,0.02221566700609401,0.01683187496382743,True,Apple clang version 21.0.0 (clang-2100.3.27.1),-std=c++17 -O2,Apple gzip 487.0.1,-n -6 -c / -d -c,macOS-27.0-arm64-arm-64bit-Mach-O
/Users/ethan/Desktop/AA/huffman/test_data/gtest.cc,huffman,3,266604,166777,37.443924322215715,0.02254979102872312,0.015947625041007996,True,Apple clang version 21.0.0 (clang-2100.3.27.1),-std=c++17 -O2,Apple gzip 487.0.1,-n -6 -c / -d -c,macOS-27.0-arm64-arm-64bit-Mach-O
/Users/ethan/Desktop/AA/huffman/test_data/gtest.cc,gzip,3,266604,62873,76.4170830145084,0.009693583997432142,0.003718750027474016,True,Apple clang version 21.0.0 (clang-2100.3.27.1),-std=c++17 -O2,Apple gzip 487.0.1,-n -6 -c / -d -c,macOS-27.0-arm64-arm-64bit-Mach-O
/Users/ethan/Desktop/AA/huffman/test_data/rfc1951.txt,huffman,1,36944,20504,44.49978345604158,0.007220958010293543,0.006412042013835162,True,Apple clang version 21.0.0 (clang-2100.3.27.1),-std=c++17 -O2,Apple gzip 487.0.1,-n -6 -c / -d -c,macOS-27.0-arm64-arm-64bit-Mach-O
/Users/ethan/Desktop/AA/huffman/test_data/rfc1951.txt,gzip,1,36944,11150,69.81918579471633,0.004594415950123221,0.0033073750091716647,True,Apple clang version 21.0.0 (clang-2100.3.27.1),-std=c++17 -O2,Apple gzip 487.0.1,-n -6 -c / -d -c,macOS-27.0-arm64-arm-64bit-Mach-O
/Users/ethan/Desktop/AA/huffman/test_data/rfc1951.txt,gzip,2,36944,11150,69.81918579471633,0.0045939579722471535,0.003632708976510912,True,Apple clang version 21.0.0 (clang-2100.3.27.1),-std=c++17 -O2,Apple gzip 487.0.1,-n -6 -c / -d -c,macOS-27.0-arm64-arm-64bit-Mach-O
/Users/ethan/Desktop/AA/huffman/test_data/rfc1951.txt,huffman,2,36944,20504,44.49978345604158,0.006886082992423326,0.006166708015371114,True,Apple clang version 21.0.0 (clang-2100.3.27.1),-std=c++17 -O2,Apple gzip 487.0.1,-n -6 -c / -d -c,macOS-27.0-arm64-arm-64bit-Mach-O
/Users/ethan/Desktop/AA/huffman/test_data/rfc1951.txt,huffman,3,36944,20504,44.49978345604158,0.006400250014849007,0.00565883400849998,True,Apple clang version 21.0.0 (clang-2100.3.27.1),-std=c++17 -O2,Apple gzip 487.0.1,-n -6 -c / -d -c,macOS-27.0-arm64-arm-64bit-Mach-O
/Users/ethan/Desktop/AA/huffman/test_data/rfc1951.txt,gzip,3,36944,11150,69.81918579471633,0.00474029197357595,0.004057166981510818,True,Apple clang version 21.0.0 (clang-2100.3.27.1),-std=c++17 -O2,Apple gzip 487.0.1,-n -6 -c / -d -c,macOS-27.0-arm64-arm-64bit-Mach-O
/Users/ethan/Desktop/AA/huffman/test_data/rfc1951.pdf,huffman,1,56620,56278,0.6040268456375841,0.010366540984250605,0.00872041704133153,True,Apple clang version 21.0.0 (clang-2100.3.27.1),-std=c++17 -O2,Apple gzip 487.0.1,-n -6 -c / -d -c,macOS-27.0-arm64-arm-64bit-Mach-O
/Users/ethan/Desktop/AA/huffman/test_data/rfc1951.pdf,gzip,1,56620,47273,16.508300953726597,0.004289041040465236,0.003319667011965066,True,Apple clang version 21.0.0 (clang-2100.3.27.1),-std=c++17 -O2,Apple gzip 487.0.1,-n -6 -c / -d -c,macOS-27.0-arm64-arm-64bit-Mach-O
/Users/ethan/Desktop/AA/huffman/test_data/rfc1951.pdf,gzip,2,56620,47273,16.508300953726597,0.004047958005685359,0.0033618329907767475,True,Apple clang version 21.0.0 (clang-2100.3.27.1),-std=c++17 -O2,Apple gzip 487.0.1,-n -6 -c / -d -c,macOS-27.0-arm64-arm-64bit-Mach-O
/Users/ethan/Desktop/AA/huffman/test_data/rfc1951.pdf,huffman,2,56620,56278,0.6040268456375841,0.00933624996105209,0.008689790964126587,True,Apple clang version 21.0.0 (clang-2100.3.27.1),-std=c++17 -O2,Apple gzip 487.0.1,-n -6 -c / -d -c,macOS-27.0-arm64-arm-64bit-Mach-O
/Users/ethan/Desktop/AA/huffman/test_data/rfc1951.pdf,huffman,3,56620,56278,0.6040268456375841,0.009626417013350874,0.008341207983903587,True,Apple clang version 21.0.0 (clang-2100.3.27.1),-std=c++17 -O2,Apple gzip 487.0.1,-n -6 -c / -d -c,macOS-27.0-arm64-arm-64bit-Mach-O
/Users/ethan/Desktop/AA/huffman/test_data/rfc1951.pdf,gzip,3,56620,47273,16.508300953726597,0.004152624984271824,0.0034879170125350356,True,Apple clang version 21.0.0 (clang-2100.3.27.1),-std=c++17 -O2,Apple gzip 487.0.1,-n -6 -c / -d -c,macOS-27.0-arm64-arm-64bit-Mach-O
/Users/ethan/Desktop/AA/huffman/test_data/python-logo.png,huffman,1,45187,9986,77.90072365945959,0.006338832958135754,0.004862250003498048,True,Apple clang version 21.0.0 (clang-2100.3.27.1),-std=c++17 -O2,Apple gzip 487.0.1,-n -6 -c / -d -c,macOS-27.0-arm64-arm-64bit-Mach-O
/Users/ethan/Desktop/AA/huffman/test_data/python-logo.png,gzip,1,45187,4280,90.52824927523403,0.0039753339951857924,0.0035643749870359898,True,Apple clang version 21.0.0 (clang-2100.3.27.1),-std=c++17 -O2,Apple gzip 487.0.1,-n -6 -c / -d -c,macOS-27.0-arm64-arm-64bit-Mach-O
/Users/ethan/Desktop/AA/huffman/test_data/python-logo.png,gzip,2,45187,4280,90.52824927523403,0.003854208975099027,0.003947709046769887,True,Apple clang version 21.0.0 (clang-2100.3.27.1),-std=c++17 -O2,Apple gzip 487.0.1,-n -6 -c / -d -c,macOS-27.0-arm64-arm-64bit-Mach-O
/Users/ethan/Desktop/AA/huffman/test_data/python-logo.png,huffman,2,45187,9986,77.90072365945959,0.005614624998997897,0.005256708012893796,True,Apple clang version 21.0.0 (clang-2100.3.27.1),-std=c++17 -O2,Apple gzip 487.0.1,-n -6 -c / -d -c,macOS-27.0-arm64-arm-64bit-Mach-O
/Users/ethan/Desktop/AA/huffman/test_data/python-logo.png,huffman,3,45187,9986,77.90072365945959,0.0055166250094771385,0.004991375026293099,True,Apple clang version 21.0.0 (clang-2100.3.27.1),-std=c++17 -O2,Apple gzip 487.0.1,-n -6 -c / -d -c,macOS-27.0-arm64-arm-64bit-Mach-O
/Users/ethan/Desktop/AA/huffman/test_data/python-logo.png,gzip,3,45187,4280,90.52824927523403,0.003808917012065649,0.003398125001695007,True,Apple clang version 21.0.0 (clang-2100.3.27.1),-std=c++17 -O2,Apple gzip 487.0.1,-n -6 -c / -d -c,macOS-27.0-arm64-arm-64bit-Mach-O
/Users/ethan/Desktop/AA/huffman/test_data/pride_and_prejudice.epub,huffman,1,24835578,24782084,0.21539261135778975,2.1061980829690583,1.993504167010542,True,Apple clang version 21.0.0 (clang-2100.3.27.1),-std=c++17 -O2,Apple gzip 487.0.1,-n -6 -c / -d -c,macOS-27.0-arm64-arm-64bit-Mach-O
/Users/ethan/Desktop/AA/huffman/test_data/pride_and_prejudice.epub,gzip,1,24835578,24397894,1.7623266106389757,0.5580686249886639,0.06602208298863843,True,Apple clang version 21.0.0 (clang-2100.3.27.1),-std=c++17 -O2,Apple gzip 487.0.1,-n -6 -c / -d -c,macOS-27.0-arm64-arm-64bit-Mach-O
/Users/ethan/Desktop/AA/huffman/test_data/pride_and_prejudice.epub,gzip,2,24835578,24397894,1.7623266106389757,0.5558407090138644,0.06535895896377042,True,Apple clang version 21.0.0 (clang-2100.3.27.1),-std=c++17 -O2,Apple gzip 487.0.1,-n -6 -c / -d -c,macOS-27.0-arm64-arm-64bit-Mach-O
/Users/ethan/Desktop/AA/huffman/test_data/pride_and_prejudice.epub,huffman,2,24835578,24782084,0.21539261135778975,2.173330999969039,1.9804407079936936,True,Apple clang version 21.0.0 (clang-2100.3.27.1),-std=c++17 -O2,Apple gzip 487.0.1,-n -6 -c / -d -c,macOS-27.0-arm64-arm-64bit-Mach-O
/Users/ethan/Desktop/AA/huffman/test_data/pride_and_prejudice.epub,huffman,3,24835578,24782084,0.21539261135778975,2.108338750025723,2.0016089170239866,True,Apple clang version 21.0.0 (clang-2100.3.27.1),-std=c++17 -O2,Apple gzip 487.0.1,-n -6 -c / -d -c,macOS-27.0-arm64-arm-64bit-Mach-O
/Users/ethan/Desktop/AA/huffman/test_data/pride_and_prejudice.epub,gzip,3,24835578,24397894,1.7623266106389757,0.5594921250012703,0.06983304198365659,True,Apple clang version 21.0.0 (clang-2100.3.27.1),-std=c++17 -O2,Apple gzip 487.0.1,-n -6 -c / -d -c,macOS-27.0-arm64-arm-64bit-Mach-O
